Index,Name,Profile Link
1,hitchcockthelegend,https://www.imdb.com/user/ur16161013
2,carflo,https://www.imdb.com/user/ur2509775
3,kaspen12,https://www.imdb.com/user/ur1898687
4,EyeDunno,https://www.imdb.com/user/ur0265899
5,speedreid,https://www.imdb.com/user/ur1005460
6,alexkolokotronis,https://www.imdb.com/user/ur16117882
7,weswalker,https://www.imdb.com/user/ur0997166
8,MR_Heraclius,https://www.imdb.com/user/ur87850731
9,nowego,https://www.imdb.com/user/ur16749093
10,baumer,https://www.imdb.com/user/ur0355122
11,Coxer99,https://www.imdb.com/user/ur0257957
12,Douglas-2,https://www.imdb.com/user/ur0094239
13,schnad,https://www.imdb.com/user/ur0174908
14,KORN-6,https://www.imdb.com/user/ur0137838
15,reismark,https://www.imdb.com/user/ur0842118
16,shiny-metal-ass,https://www.imdb.com/user/ur19171828
17,Si Cole,https://www.imdb.com/user/ur1285640
18,muzahid-13629,https://www.imdb.com/user/ur67277038
19,sunnynash1,https://www.imdb.com/user/ur45124050
20,ZeyuZhang_1229,https://www.imdb.com/user/ur75329026
21,Bloker-1,https://www.imdb.com/user/ur9365949
22,ProperCharlie,https://www.imdb.com/user/ur1003471
23,blairgallop7,https://www.imdb.com/user/ur15148249
24,hjpog,https://www.imdb.com/user/ur31638149
25,sbrahman,https://www.imdb.com/user/ur45119290
